epoch,train_loss,train_acc,train_macro_f1,val_loss,val_acc,val_macro_f1,seconds
1,0.699839,0.893875,0.448659,1.083105,0.832311,0.447290,20.6
2,0.452718,0.927773,0.511565,1.049014,0.896741,0.470879,20.7
3,0.379597,0.931313,0.518759,1.217371,0.822260,0.461927,20.6
4,0.338621,0.939546,0.536609,1.134700,0.903830,0.476563,21.1
5,0.312835,0.940365,0.538957,1.385665,0.708316,0.456755,20.8
6,0.292366,0.943615,0.567859,1.204730,0.677000,0.454033,20.6
7,0.280516,0.943206,0.560847,1.329481,0.634998,0.443489,21.0
8,0.253221,0.942893,0.559601,1.488887,0.675942,0.449801,20.8
9,0.239052,0.948936,0.594742,1.752287,0.428058,0.396109,20.8
10,0.241713,0.945902,0.574954,1.527476,0.688320,0.388365,21.0
11,0.219278,0.944747,0.580499,1.364628,0.792531,0.459585,21.3
12,0.201333,0.951175,0.589241,1.692174,0.626111,0.383556,21.0
13,0.182156,0.950212,0.607185,1.535758,0.767986,0.457321,20.8
14,0.202924,0.949610,0.585894,0.991960,0.846382,0.470769,20.6
15,0.196943,0.949249,0.597723,1.350125,0.746509,0.456855,20.9
16,0.197184,0.954377,0.599229,1.525898,0.751058,0.419282,20.7
17,0.159954,0.953558,0.605800,1.575726,0.565595,0.431389,20.7
18,0.175094,0.954088,0.615098,1.135942,0.799408,0.467386,21.1
19,0.151342,0.953390,0.607803,1.944462,0.613521,0.381311,20.7
20,0.161650,0.954112,0.608127,1.278302,0.677423,0.446712,20.5
21,0.166067,0.956881,0.614612,1.437452,0.715298,0.407108,20.7
22,0.142024,0.960781,0.640549,1.710838,0.663563,0.393560,21.0
23,0.152801,0.956568,0.626691,1.739469,0.695726,0.403449,21.1
24,0.148124,0.957603,0.615129,2.317966,0.460961,0.388407,20.7
25,0.156524,0.952884,0.623256,1.554917,0.705565,0.433766,21.0
